{
    "untyped_sex": [[20, 10, 1, 15, 1, 10, 20]],
    "vaginal": [[20, 1, 20, 15, 5, 10, 15, 20]],
    "anal": [[10, 8, 12, 6, 14, 4, 16, 2, 18]],
    "oral": [[3, 5, 7, 7, 4, 2]],
    "fisting": [[20, 0]],
    "boobjob": [[1, 1, 3, 5, 5, 3, 1, 1]],
    "masturbation": [[10, 12, 14, 16, 17, 16, 14, 12, 10]],
    "vibrator_1": [[1, 5]],
    "vibrator_2": [[5, 10]],
    "vibrator_3": [[10, 15]],
    "vibrator_4": [[15, 20]],
    "vibrator_5": [[20, 18, 20, 16, 20, 14, 20, 12, 20, 10, 20, 19, 20, 19, 20, 10, 20, 19, 20, 19, 20]],
    "dd_struggle": [[1, 2, 4, 6, 8, 10, 8, 6, 4, 2]],
    "animation_walking": [[1, 2]],
    "animation_sprinting": [[1, 2, 3]],
    "animation_jumping": [[5, 4, 3, 2, 1]],
    "sex_simple": [[20, 15, 18], [20, 19], [15, 16, 17, 18, 19, 20]],
    "low_intensity_scaled": [[1, 1.5, 2], [1.5, 2, 1], [2, 1.5, 1]]
}
